library,executionTime,memoryUsage,outputSize,compressionRatio,complexityScore,operationType,documentSize,iteration,timestamp,complexityRange,throughput,memoryKB,outputSizeKB
"schema-aggregated",9.511916999999983,0,15757,10.833201559288009,18,"Add start command,Toggle sticky sessions,Add S3 bucket policy,Change base path",145451,0,2025-06-28T18:32:28.122Z,"Low",105.13,0.00,15.39
"json-diff-kit",27.385209000000003,5502456,1220392,839.0399515988202,18,"Add start command,Toggle sticky sessions,Add S3 bucket policy,Change base path",145451,0,2025-06-28T18:32:28.122Z,"Low",36.52,5373.49,1191.79
"schema-aggregated",4.166583000000003,0,12318,8.300427217962023,25,"Add start command,Change source branch,Toggle origin shield,Add S3 bucket policy,Add build commands",148402,1,2025-06-28T18:32:28.122Z,"Low",240.00,0.00,12.03
"json-diff-kit",19.38745800000001,11560376,1248139,841.0526812307112,25,"Add start command,Change source branch,Toggle origin shield,Add S3 bucket policy,Add build commands",148402,1,2025-06-28T18:32:28.122Z,"Low",51.58,11289.43,1218.89
"schema-aggregated",2.95641599999999,1383558,3230,3.038341423034955,0,"",106308,2,2025-06-28T18:32:28.122Z,"Low",338.25,1351.13,3.15
"json-diff-kit",14.428791000000018,5144004,891111,838.2351281182978,0,"",106308,2,2025-06-28T18:32:28.122Z,"Low",69.31,5023.44,870.23
"schema-aggregated",0.8089160000000106,0,3205,8.573874428185443,0,"",37381,3,2025-06-28T18:32:28.122Z,"Low",1236.22,0.00,3.13
"json-diff-kit",1.8792500000000132,0,311921,834.4372809716166,0,"",37381,3,2025-06-28T18:32:28.122Z,"Low",532.13,0.00,304.61
"schema-aggregated",2.6807090000000073,0,16254,16.799131827812516,33,"Change PR source configuration,Toggle sticky sessions,Add dependency between services,Change min instances,Toggle inject env variables",96755,4,2025-06-28T18:32:28.122Z,"Low",373.04,0.00,15.87
"json-diff-kit",10.877292000000011,4938252,814387,841.7001705338226,33,"Change PR source configuration,Toggle sticky sessions,Add dependency between services,Change min instances,Toggle inject env variables",96755,4,2025-06-28T18:32:28.122Z,"Low",91.93,4822.51,795.30
"schema-aggregated",2.4552080000000274,0,11422,12.835294249851106,21,"Add experimental features,Toggle CloudFront cache invalidation,Toggle inject env variables",88989,5,2025-06-28T18:32:28.122Z,"Low",407.30,0.00,11.15
"json-diff-kit",10.116375000000005,3207676,748583,841.2084639674566,21,"Add experimental features,Toggle CloudFront cache invalidation,Toggle inject env variables",88989,5,2025-06-28T18:32:28.122Z,"Low",98.85,3132.50,731.04
"schema-aggregated",1.7563339999999812,0,3230,2.925565639548575,0,"",110406,6,2025-06-28T18:32:28.122Z,"Low",569.37,0.00,3.15
"json-diff-kit",17.043834000000004,5429981,924055,836.9608535767984,0,"",110406,6,2025-06-28T18:32:28.122Z,"Low",58.67,5302.72,902.40
"schema-aggregated",2.6109579999999823,0,8475,6.457880900674364,24,"Add S3 bucket policy,Add experimental features,Change PR source configuration",131235,7,2025-06-28T18:32:28.122Z,"Low",383.00,0.00,8.28
"json-diff-kit",12.873958000000016,0,1098192,836.8133500971541,24,"Add S3 bucket policy,Add experimental features,Change PR source configuration",131235,7,2025-06-28T18:32:28.122Z,"Low",77.68,0.00,1072.45
"schema-aggregated",3.1447499999999877,0,33241,21.598107948306446,35,"Change health check path,Change service CPU,Change target type,Change health check interval,Add watch paths,Add watch paths,Change environment name,Change service ID",153907,8,2025-06-28T18:32:28.122Z,"Low",317.99,0.00,32.46
"json-diff-kit",16.18020899999999,6642017,1293381,840.365285529573,35,"Change health check path,Change service CPU,Change target type,Change health check interval,Add watch paths,Add watch paths,Change environment name,Change service ID",153907,8,2025-06-28T18:32:28.122Z,"Low",61.80,6486.34,1263.07
"schema-aggregated",3.052458999999999,0,3360,1.9869311965938323,2,"Change environment name",169105,9,2025-06-28T18:32:28.122Z,"Low",327.60,0.00,3.28
"json-diff-kit",17.93354099999999,8906836,1417243,838.0846219804264,2,"Change environment name",169105,9,2025-06-28T18:32:28.122Z,"Low",55.76,8698.08,1384.03
"schema-aggregated",2.8856250000000045,0,15992,10.964389046580827,20,"Change max instances,Modify autoscaling thresholds,Change health check interval,Add watch paths",145854,10,2025-06-28T18:32:28.122Z,"Low",346.55,0.00,15.62
"json-diff-kit",13.779291,5977517,1224622,839.6218135944164,20,"Change max instances,Modify autoscaling thresholds,Change health check interval,Add watch paths",145854,10,2025-06-28T18:32:28.122Z,"Low",72.57,5837.42,1195.92
"schema-aggregated",1.15870799999999,0,9087,16.254650829994276,6,"Change version history count,Change port number",55904,11,2025-06-28T18:32:28.122Z,"Low",863.03,0.00,8.87
"json-diff-kit",2.861333000000002,0,467105,835.5484401831711,6,"Change version history count,Change port number",55904,11,2025-06-28T18:32:28.122Z,"Low",349.49,0.00,456.16
"schema-aggregated",0.3927919999999858,0,13433,122.51915359357899,21,"Change storage size,Add static site with SPA config,Add logging configuration",10964,12,2025-06-28T18:32:28.122Z,"Low",2545.88,0.00,13.12
"json-diff-kit",0.5930829999999787,0,99100,903.8672017511857,21,"Change storage size,Add static site with SPA config,Add logging configuration",10964,12,2025-06-28T18:32:28.122Z,"Low",1686.10,0.00,96.78
"schema-aggregated",1.3410840000000235,0,19186,27.54551197381267,25,"Add logging configuration,Add CI configuration,Change service memory,Change service ID",69652,13,2025-06-28T18:32:28.122Z,"Low",745.67,0.00,18.74
"json-diff-kit",5.396958000000041,2371747,583722,838.0549015103659,25,"Add logging configuration,Add CI configuration,Change service memory,Change service ID",69652,13,2025-06-28T18:32:28.122Z,"Low",185.29,2316.16,570.04
"schema-aggregated",2.1297910000000115,0,6165,5.496611982881597,16,"Add S3 bucket policy,Add health check grace period",112160,14,2025-06-28T18:32:28.122Z,"Low",469.53,0.00,6.02
"json-diff-kit",9.122250000000008,3848568,939483,837.6274964336662,16,"Add S3 bucket policy,Add health check grace period",112160,14,2025-06-28T18:32:28.122Z,"Low",109.62,3758.37,917.46
"schema-aggregated",2.034167000000025,0,18872,16.127846857240524,18,"Remove environment variable,Add watch paths,Add single environment variable,Toggle origin shield",117015,15,2025-06-28T18:32:28.122Z,"Low",491.60,0.00,18.43
"json-diff-kit",9.418792000000053,2968706,986481,843.0380720420459,18,"Remove environment variable,Add watch paths,Add single environment variable,Toggle origin shield",117015,15,2025-06-28T18:32:28.122Z,"Low",106.17,2899.13,963.36
"schema-aggregated",0.9359580000000278,0,9476,19.362880320398865,12,"Add pre/post deploy commands,Add start command",48939,16,2025-06-28T18:32:28.122Z,"Low",1068.42,0.00,9.25
"json-diff-kit",2.4636669999999867,0,407500,832.6692413003943,12,"Add pre/post deploy commands,Add start command",48939,16,2025-06-28T18:32:28.122Z,"Low",405.90,0.00,397.95
"schema-aggregated",0.8308329999999842,0,3225,6.148126965970832,0,"",52455,17,2025-06-28T18:32:28.122Z,"Low",1203.61,0.00,3.15
"json-diff-kit",2.5810000000000173,0,439109,837.1156229148795,0,"",52455,17,2025-06-28T18:32:28.122Z,"Low",387.45,0.00,428.82
"schema-aggregated",0.2827909999999747,0,34138,388.2848043676069,25,"Change environment ID,Change environment name,Add build commands,Add start command,Change target type",8792,18,2025-06-28T18:32:28.122Z,"Low",3536.18,0.00,33.34
"json-diff-kit",0.3342079999999896,0,74528,847.6797088262057,25,"Change environment ID,Change environment name,Add build commands,Add start command,Change target type",8792,18,2025-06-28T18:32:28.122Z,"Low",2992.15,0.00,72.78
"schema-aggregated",3.776957999999979,0,20419,9.084114477904768,20,"Change dockerfile path,Change max instances,Change build type,Change service type from web to worker",224777,19,2025-06-28T18:32:28.122Z,"Low",264.76,0.00,19.94
"json-diff-kit",28.131250000000023,11938399,1889766,840.729256107164,20,"Change dockerfile path,Change max instances,Change build type,Change service type from web to worker",224777,19,2025-06-28T18:32:28.122Z,"Low",35.55,11658.59,1845.47
"schema-aggregated",0.6214589999999589,0,6576,21.982283135550727,12,"Modify autoscaling thresholds,Add single environment variable",29915,20,2025-06-28T18:32:28.122Z,"Low",1609.12,0.00,6.42
"json-diff-kit",1.2378330000000233,0,252304,843.4029750961056,12,"Modify autoscaling thresholds,Add single environment variable",29915,20,2025-06-28T18:32:28.122Z,"Low",807.86,0.00,246.39
"schema-aggregated",1.9329999999999927,0,8041,7.080401877305907,8,"Change service type from web to worker",113567,21,2025-06-28T18:32:28.122Z,"Low",517.33,0.00,7.85
"json-diff-kit",8.89204099999995,3331407,955975,841.7718175174126,8,"Change service type from web to worker",113567,21,2025-06-28T18:32:28.122Z,"Low",112.46,3253.33,933.57
"schema-aggregated",2.6290420000000267,0,11131,7.897126640652714,9,"Change docker context,Add watch paths",140950,22,2025-06-28T18:32:28.122Z,"Low",380.37,0.00,10.87
"json-diff-kit",13.498917000000006,5008421,1185936,841.3877261440227,9,"Change docker context,Add watch paths",140950,22,2025-06-28T18:32:28.122Z,"Low",74.08,4891.04,1158.14
"schema-aggregated",1.9958750000000691,0,23295,22.106132209759153,22,"Add integrations,Toggle origin shield,Add pre/post deploy commands,Change service memory",105378,23,2025-06-28T18:32:28.122Z,"Low",501.03,0.00,22.75
"json-diff-kit",8.373666999999955,3475670,884527,839.3848810947256,22,"Add integrations,Toggle origin shield,Add pre/post deploy commands,Change service memory",105378,23,2025-06-28T18:32:28.122Z,"Low",119.42,3394.21,863.80
"schema-aggregated",0.5541670000000067,0,67602,285.3006963494408,27,"Change docker context,Add sidecar containers,Change base path,Toggle privileged mode,Remove dependencies,Change environment ID",23695,24,2025-06-28T18:32:28.122Z,"Low",1804.51,0.00,66.02
"json-diff-kit",0.8872920000000022,0,199610,842.414011394809,27,"Change docker context,Add sidecar containers,Change base path,Toggle privileged mode,Remove dependencies,Change environment ID",23695,24,2025-06-28T18:32:28.122Z,"Low",1127.02,0.00,194.93
"schema-aggregated",2.072834000000057,0,31763,27.10916896395743,110,"Modify port configuration,Configure target with ECS EC2,Add new RDS service,Add integrations,Add CI configuration,Change source branch,Add integrations,Toggle privileged mode,Add experimental features,Change sticky sessions duration",117167,0,2025-06-28T18:32:28.122Z,"Medium",482.43,0.00,31.02
"json-diff-kit",11.32899999999995,4316372,1061940,906.3473503631568,110,"Modify port configuration,Configure target with ECS EC2,Add new RDS service,Add integrations,Add CI configuration,Change source branch,Add integrations,Toggle privileged mode,Add experimental features,Change sticky sessions duration",117167,0,2025-06-28T18:32:28.122Z,"Medium",88.27,4215.21,1037.05
"schema-aggregated",23.772000000000048,0,2524046,1253.3249250203587,57,"Configure cross-service environment variables,Add sidecar containers,Toggle privileged mode,Change service memory,Change service ID,Change base path",201388,1,2025-06-28T18:32:28.122Z,"Medium",42.07,0.00,2464.89
"json-diff-kit",28.688999999999965,0,1989235,987.7624287445132,57,"Configure cross-service environment variables,Add sidecar containers,Toggle privileged mode,Change service memory,Change service ID,Change base path",201388,1,2025-06-28T18:32:28.122Z,"Medium",34.86,0.00,1942.61
"schema-aggregated",2.789459000000079,0,30342,20.948343712459096,104,"Add post build command,Configure target with ECS EC2,Add new worker service,Toggle inject env variables,Change health check path,Add pre/post deploy commands,Change service memory,Toggle source trigger,Add build commands",144842,2,2025-06-28T18:32:28.122Z,"Medium",358.49,0.00,29.63
"json-diff-kit",15.251082999999994,6071234,1324518,914.4571325996603,104,"Add post build command,Configure target with ECS EC2,Add new worker service,Toggle inject env variables,Change health check path,Add pre/post deploy commands,Change service memory,Toggle source trigger,Add build commands",144842,2,2025-06-28T18:32:28.122Z,"Medium",65.57,5928.94,1293.47
"schema-aggregated",3.9760420000000067,0,21692,9.463604039875225,61,"Add new web service,Add elasticache service,Toggle origin shield,Add sidecar containers,Change build type",229215,3,2025-06-28T18:32:28.122Z,"Medium",251.51,0.00,21.18
"json-diff-kit",37.383083000000056,0,2093212,913.2089959208603,61,"Add new web service,Add elasticache service,Toggle origin shield,Add sidecar containers,Change build type",229215,3,2025-06-28T18:32:28.122Z,"Medium",26.75,0.00,2044.15
"schema-aggregated",3.46875,0,41425,22.94772295437045,90,"Add fromService environment variable,Configure RDS with advanced settings,Change build type,Change port number,Add experimental features,Add health check grace period,Change port number,Change service CPU,Change health check timeout",180519,4,2025-06-28T18:32:28.122Z,"Medium",288.29,0.00,40.45
"json-diff-kit",18.503333999999995,9373907,1521838,843.0348052005605,90,"Add fromService environment variable,Configure RDS with advanced settings,Change build type,Change port number,Add experimental features,Add health check grace period,Change port number,Change service CPU,Change health check timeout",180519,4,2025-06-28T18:32:28.122Z,"Medium",54.04,9154.21,1486.17
"schema-aggregated",0.8748330000000806,0,29626,85.029562022846,90,"Configure datadog integration,Add new RDS service,Add lambda function with docker,Toggle sticky sessions,Add build commands,Toggle privileged mode,Change docker context",34842,5,2025-06-28T18:32:28.122Z,"Medium",1143.08,0.00,28.93
"json-diff-kit",1.728749999999991,0,320165,918.9053441249067,90,"Configure datadog integration,Add new RDS service,Add lambda function with docker,Toggle sticky sessions,Add build commands,Toggle privileged mode,Change docker context",34842,5,2025-06-28T18:32:28.122Z,"Medium",578.45,0.00,312.66
"schema-aggregated",2.7101670000000695,0,45284,30.969347977732486,97,"Configure lambda function URL,Add docker labels,Toggle container insights,Add CI configuration,Toggle CloudFront cache invalidation,Add CI configuration,Add logging configuration,Add dependency between services,Add start command,Add CI configuration",146222,6,2025-06-28T18:32:28.122Z,"Medium",368.98,0.00,44.22
"json-diff-kit",13.524667000000022,6658792,1231048,841.9034071480352,97,"Configure lambda function URL,Add docker labels,Toggle container insights,Add CI configuration,Toggle CloudFront cache invalidation,Add CI configuration,Add logging configuration,Add dependency between services,Add start command,Add CI configuration",146222,6,2025-06-28T18:32:28.122Z,"Medium",73.94,6502.73,1202.20
"schema-aggregated",2.3538330000000087,0,15470,10.945548197203827,61,"Add new RDS service,Add new web service,Toggle source trigger,Change base path,Change build type,Remove environment variable",141336,7,2025-06-28T18:32:28.122Z,"Medium",424.84,0.00,15.11
"json-diff-kit",13.693250000000035,5530720,1275896,902.7395709514915,61,"Add new RDS service,Add new web service,Toggle source trigger,Change base path,Change build type,Remove environment variable",141336,7,2025-06-28T18:32:28.122Z,"Medium",73.03,5401.09,1245.99
"schema-aggregated",3.2912919999999986,0,586794,1438.9612300448762,100,"Add network server ports,Configure RDS connection string env var,Configure cross-service environment variables,Add start command,Add scheduler with job timeout and resource overrides",40779,8,2025-06-28T18:32:28.122Z,"Medium",303.83,0.00,573.04
"json-diff-kit",3.17679099999998,2510169,411079,1008.0654258319233,100,"Add network server ports,Configure RDS connection string env var,Configure cross-service environment variables,Add start command,Add scheduler with job timeout and resource overrides",40779,8,2025-06-28T18:32:28.122Z,"Medium",314.78,2451.34,401.44
"schema-aggregated",2.498540999999932,0,323705,219.00370751244859,118,"Add VPC configuration,Add lambda function with docker,Add new worker service,Change target type,Change build type,Add pre/post deploy commands,Change target type,Add health check grace period,Change environment ID,Remove dependencies,Change source branch",147808,9,2025-06-28T18:32:28.122Z,"Medium",400.23,0.00,316.12
"json-diff-kit",15.09395799999993,5548631,1343490,908.9426823987876,118,"Add VPC configuration,Add lambda function with docker,Add new worker service,Change target type,Change build type,Add pre/post deploy commands,Change target type,Add health check grace period,Change environment ID,Remove dependencies,Change source branch",147808,9,2025-06-28T18:32:28.122Z,"Medium",66.25,5418.58,1312.00
"schema-aggregated",1.608000000000061,0,214093,222.83017100511037,84,"Add new worker service,Modify port configuration,Add network server ports,Add start command,Change health check interval,Add integrations,Change PR source configuration,Change environment ID,Add scheduler with job timeout and resource overrides",96079,10,2025-06-28T18:32:28.122Z,"Medium",621.89,0.00,209.08
"json-diff-kit",6.83629099999996,0,876861,912.6458435245995,84,"Add new worker service,Modify port configuration,Add network server ports,Add start command,Change health check interval,Add integrations,Change PR source configuration,Change environment ID,Add scheduler with job timeout and resource overrides",96079,10,2025-06-28T18:32:28.122Z,"Medium",146.28,0.00,856.31
"schema-aggregated",3.176666999999952,0,30993,17.59526296666364,81,"Add fromService environment variable,Add lambda function with docker,Add new RDS service,Change dockerfile path,Change health check path,Add logging configuration,Change service name,Add single environment variable",176144,11,2025-06-28T18:32:28.122Z,"Medium",314.80,0.00,30.27
"json-diff-kit",20.542500000000018,10706765,1594534,905.2445726223999,81,"Add fromService environment variable,Add lambda function with docker,Add new RDS service,Change dockerfile path,Change health check path,Add logging configuration,Change service name,Add single environment variable",176144,11,2025-06-28T18:32:28.122Z,"Medium",48.68,10455.83,1557.16
"schema-aggregated",1.5980409999999665,0,20504,23.19142197891689,79,"Configure target with ECS EC2,Add permissions configuration,Change environment region,Change service name,Add start command",88412,12,2025-06-28T18:32:28.122Z,"Medium",625.77,0.00,20.02
"json-diff-kit",6.485916999999972,3310435,743118,840.5171243722572,79,"Configure target with ECS EC2,Add permissions configuration,Change environment region,Change service name,Add start command",88412,12,2025-06-28T18:32:28.122Z,"Medium",154.18,3232.85,725.70
"schema-aggregated",2.665042000000085,0,394047,211.52002490700133,73,"Add docker labels,Configure Lambda VPC,Change environment ID,Change service type from web to worker,Change min instances,Change min instances,Add experimental features",186293,13,2025-06-28T18:32:28.122Z,"Medium",375.23,0.00,384.81
"json-diff-kit",19.94304199999999,9817677,1563015,839.0089804769906,73,"Add docker labels,Configure Lambda VPC,Change environment ID,Change service type from web to worker,Change min instances,Change min instances,Add experimental features",186293,13,2025-06-28T18:32:28.122Z,"Medium",50.14,9587.58,1526.38
"schema-aggregated",3.923249999999939,0,26500,12.112015576509089,83,"Configure port health checks for network server,Add fromService environment variable,Change max instances,Add start command,Change target type,Add static site with SPA config,Change service ID",218791,14,2025-06-28T18:32:28.122Z,"Medium",254.89,0.00,25.88
"json-diff-kit",30.191041999999925,11417572,2002235,915.1359059559123,83,"Configure port health checks for network server,Add fromService environment variable,Change max instances,Add start command,Change target type,Add static site with SPA config,Change service ID",218791,14,2025-06-28T18:32:28.122Z,"Medium",33.12,11149.97,1955.31
"schema-aggregated",3.318499999999858,0,23285,11.957213869032946,87,"Modify storage type for RDS,Modify RDS settings,Add new static service,Change docker context,Change health check interval,Toggle sticky sessions,Add dependency between services,Remove dependencies",194736,15,2025-06-28T18:32:28.122Z,"Medium",301.34,0.00,22.74
"json-diff-kit",29.670957999999928,9165083,1767685,907.7340604716129,87,"Modify storage type for RDS,Modify RDS settings,Add new static service,Change docker context,Change health check interval,Toggle sticky sessions,Add dependency between services,Remove dependencies",194736,15,2025-06-28T18:32:28.122Z,"Medium",33.70,8950.28,1726.25
"schema-aggregated",11.30641700000001,0,1794076,1252.2080224466577,143,"Configure datadog integration,Add permissions configuration,Configure cross-service environment variables,Change storage size,Change build type,Change service ID,Toggle source trigger,Add build commands,Add single environment variable,Add build commands,Change health check timeout",143273,16,2025-06-28T18:32:28.122Z,"Medium",88.45,0.00,1752.03
"json-diff-kit",15.584416000000147,11010676,1416383,988.5903135971187,143,"Configure datadog integration,Add permissions configuration,Configure cross-service environment variables,Change storage size,Change build type,Change service ID,Toggle source trigger,Add build commands,Add single environment variable,Add build commands,Change health check timeout",143273,16,2025-06-28T18:32:28.122Z,"Medium",64.17,10752.61,1383.19
"schema-aggregated",1.2172499999999218,0,31731,53.83884486824915,71,"Modify storage type for RDS,Change service CPU,Change service memory,Change health check path,Add CI configuration,Change sticky sessions duration,Add dependency between services,Add build commands",58937,17,2025-06-28T18:32:28.122Z,"Medium",821.52,0.00,30.99
"json-diff-kit",2.915832999999793,0,493728,837.7216349661502,71,"Modify storage type for RDS,Change service CPU,Change service memory,Change health check path,Add CI configuration,Change sticky sessions duration,Add dependency between services,Add build commands",58937,17,2025-06-28T18:32:28.122Z,"Medium",342.96,0.00,482.16
"schema-aggregated",1.7920830000000478,0,26098,27.669341928096607,55,"Modify port configuration,Add scheduler jobs,Change service name,Change dockerfile path,Toggle container insights,Change docker context,Remove environment variable,Change service memory",94321,18,2025-06-28T18:32:28.122Z,"Medium",558.01,0.00,25.49
"json-diff-kit",7.357500000000073,4454226,792325,840.0303219855599,55,"Modify port configuration,Add scheduler jobs,Change service name,Change dockerfile path,Toggle container insights,Change docker context,Remove environment variable,Change service memory",94321,18,2025-06-28T18:32:28.122Z,"Medium",135.92,4349.83,773.75
"schema-aggregated",3.0831249999998818,0,19420,10.653705207259003,100,"Add scheduler jobs,Add network server ports,Configure lambda function URL,Change health check interval,Add logging configuration,Change environment region,Change storage size,Change max instances",182284,19,2025-06-28T18:32:28.122Z,"Medium",324.35,0.00,18.96
"json-diff-kit",19.11758399999985,9668018,1533114,841.0579096355137,100,"Add scheduler jobs,Add network server ports,Configure lambda function URL,Change health check interval,Add logging configuration,Change environment region,Change storage size,Change max instances",182284,19,2025-06-28T18:32:28.122Z,"Medium",52.31,9441.42,1497.18
"schema-aggregated",16.733332999999902,2582744,2497575,1316.8974353566457,87,"Configure cross-service environment variables,Configure Lambda VPC,Toggle container insights,Add experimental features,Change base path,Change min instances",189656,20,2025-06-28T18:32:28.122Z,"Medium",59.76,2522.21,2439.04
"json-diff-kit",24.250958000000082,14258006,1893534,998.4044796895432,87,"Configure cross-service environment variables,Configure Lambda VPC,Toggle container insights,Add experimental features,Change base path,Change min instances",189656,20,2025-06-28T18:32:28.122Z,"Medium",41.24,13923.83,1849.15
"schema-aggregated",1.522958000000017,0,14638,19.40067063392135,79,"Configure datadog integration,Add new worker service,Change target type,Modify container image source,Change PR source configuration",75451,21,2025-06-28T18:32:28.122Z,"Medium",656.62,0.00,14.29
"json-diff-kit",5.384459000000106,0,693311,918.8890803302806,79,"Configure datadog integration,Add new worker service,Change target type,Modify container image source,Change PR source configuration",75451,21,2025-06-28T18:32:28.122Z,"Medium",185.72,0.00,677.06
"schema-aggregated",1.6935829999999896,0,16838,20.560473777397885,74,"Add docker labels,Modify port configuration,Modify storage type for RDS,Add integrations,Add pre/post deploy commands",81895,22,2025-06-28T18:32:28.122Z,"Medium",590.46,0.00,16.44
"json-diff-kit",6.230457999999999,3002022,689903,842.4238353989866,74,"Add docker labels,Modify port configuration,Modify storage type for RDS,Add integrations,Add pre/post deploy commands",81895,22,2025-06-28T18:32:28.122Z,"Medium",160.50,2931.66,673.73
"schema-aggregated",6.832249999999931,0,1264963,1288.9503663171624,95,"Configure target with ECS EC2,Configure cross-service environment variables,Toggle privileged mode,Add static site with SPA config,Add S3 bucket policy,Change dockerfile path,Toggle source trigger",98139,23,2025-06-28T18:32:28.122Z,"Medium",146.36,0.00,1235.32
"json-diff-kit",10.02387500000009,6790234,1046679,1066.527068749427,95,"Configure target with ECS EC2,Configure cross-service environment variables,Toggle privileged mode,Add static site with SPA config,Add S3 bucket policy,Change dockerfile path,Toggle source trigger",98139,23,2025-06-28T18:32:28.122Z,"Medium",99.76,6631.09,1022.15
"schema-aggregated",0.5243340000001808,0,40002,309.5650828045194,87,"Add firelens logging config,Add new worker service,Add autoscaling configuration,Add health check grace period,Add dependency between services,Toggle CloudFront cache invalidation,Change service type from web to worker,Add start command,Change service memory,Remove dependencies",12922,24,2025-06-28T18:32:28.122Z,"Medium",1907.18,0.00,39.06
"json-diff-kit",0.5538750000000618,0,118367,916.011453335397,87,"Add firelens logging config,Add new worker service,Add autoscaling configuration,Add health check grace period,Add dependency between services,Toggle CloudFront cache invalidation,Change service type from web to worker,Add start command,Change service memory,Remove dependencies",12922,24,2025-06-28T18:32:28.122Z,"Medium",1805.46,0.00,115.59
"schema-aggregated",17.211209000000053,7340040,3680820,3298.728300906052,251,"Add comprehensive service with all features,Add comprehensive logging setup,Modify elasticache settings,Configure cross-service environment variables,Add network server ports,Configure Lambda VPC,Modify container image source,Add CI configuration,Change version history count",111583,0,2025-06-28T18:32:28.122Z,"High",58.10,7168.01,3594.55
"json-diff-kit",24.118875000000116,11584842,2162409,1937.937678678652,251,"Add comprehensive service with all features,Add comprehensive logging setup,Modify elasticache settings,Configure cross-service environment variables,Add network server ports,Configure Lambda VPC,Modify container image source,Add CI configuration,Change version history count",111583,0,2025-06-28T18:32:28.122Z,"High",41.46,11313.32,2111.73
"schema-aggregated",7.067208000000164,0,1103381,1733.2951082346287,201,"Batch update service resources,Add comprehensive CI config,Add network server ports,Add scheduler jobs,Change service type from web to worker,Change docker context,Change port number,Toggle CloudFront cache invalidation",63658,1,2025-06-28T18:32:28.122Z,"High",141.50,0.00,1077.52
"json-diff-kit",6.423916999999847,4657022,537052,843.6520154576016,201,"Batch update service resources,Add comprehensive CI config,Add network server ports,Add scheduler jobs,Change service type from web to worker,Change docker context,Change port number,Toggle CloudFront cache invalidation",63658,1,2025-06-28T18:32:28.122Z,"High",155.67,4547.87,524.46
"schema-aggregated",1.0465829999998277,0,134781,1851.8961253091509,257,"Batch update service resources,Create service dependency chain,Modify elasticache settings,Add environment variables with different types,Add lambda function with docker,Add post build command,Change storage size,Toggle multi-AZ for RDS,Change sticky sessions duration,Toggle multi-AZ for RDS,Change health check interval,Add experimental features",7278,2,2025-06-28T18:32:28.122Z,"High",955.49,0.00,131.62
"json-diff-kit",0.3901250000001255,0,68926,947.0458917284968,257,"Batch update service resources,Create service dependency chain,Modify elasticache settings,Add environment variables with different types,Add lambda function with docker,Add post build command,Change storage size,Toggle multi-AZ for RDS,Change sticky sessions duration,Toggle multi-AZ for RDS,Change health check interval,Add experimental features",7278,2,2025-06-28T18:32:28.122Z,"High",2563.28,0.00,67.31
"schema-aggregated",13.024834000000055,0,2227198,1718.59653996327,250,"Batch update service resources,Configure comprehensive permissions,Configure RDS connection string env var,Configure lambda function URL,Add sidecar containers,Add single environment variable,Change service CPU,Add scheduler with job timeout and resource overrides,Add health check grace period,Modify container image source",129594,3,2025-06-28T18:32:28.122Z,"High",76.78,0.00,2175.00
"json-diff-kit",12.676208000000088,10034473,1088524,839.949380372548,250,"Batch update service resources,Configure comprehensive permissions,Configure RDS connection string env var,Configure lambda function URL,Add sidecar containers,Add single environment variable,Change service CPU,Add scheduler with job timeout and resource overrides,Add health check grace period,Modify container image source",129594,3,2025-06-28T18:32:28.122Z,"High",78.89,9799.29,1063.01
"schema-aggregated",28.16770900000006,0,3781387,1718.413913138318,246,"Add S3 bucket service,Batch update service resources,Add network server ports,Modify RDS settings,Configure lambda function URL,Configure datadog integration,Modify autoscaling thresholds,Change min instances,Add S3 bucket policy,Add scheduler with job timeout and resource overrides",220051,4,2025-06-28T18:32:28.122Z,"High",35.50,0.00,3692.76
"json-diff-kit",29.77808300000015,29741082,1998784,908.3276149619861,246,"Add S3 bucket service,Batch update service resources,Add network server ports,Modify RDS settings,Configure lambda function URL,Configure datadog integration,Modify autoscaling thresholds,Change min instances,Add S3 bucket policy,Add scheduler with job timeout and resource overrides",220051,4,2025-06-28T18:32:28.122Z,"High",33.58,29044.03,1951.94
"schema-aggregated",4.037584000000152,0,44518,19.960006456356822,207,"Create service dependency chain,Add network-server service,Configure target with ECS EC2,Add scheduler jobs,Toggle container insights,Add pre/post deploy commands,Add build commands,Change service CPU,Change service memory,Change service name",223036,5,2025-06-28T18:32:28.122Z,"High",247.67,0.00,43.47
"json-diff-kit",30.54099999999994,20211834,2034004,911.9621944439463,207,"Create service dependency chain,Add network-server service,Configure target with ECS EC2,Add scheduler jobs,Toggle container insights,Add pre/post deploy commands,Add build commands,Change service CPU,Change service memory,Change service name",223036,5,2025-06-28T18:32:28.122Z,"High",32.74,19738.12,1986.33
"schema-aggregated",1.2553749999999582,0,32564,56.67739970411626,241,"Add environment-level env variables,Add lambda function service,Add firelens logging config,Configure RDS with advanced settings,Add permissions configuration,Add elasticache service,Change docker context,Add S3 bucket policy,Add logging configuration,Change source branch,Add S3 bucket policy",57455,6,2025-06-28T18:32:28.122Z,"High",796.57,0.00,31.80
"json-diff-kit",4.010625000000118,0,529438,921.482899660604,241,"Add environment-level env variables,Add lambda function service,Add firelens logging config,Configure RDS with advanced settings,Add permissions configuration,Add elasticache service,Change docker context,Add S3 bucket policy,Add logging configuration,Change source branch,Add S3 bucket policy",57455,6,2025-06-28T18:32:28.122Z,"High",249.34,0.00,517.03
"schema-aggregated",2.29887500000018,0,16205,13.4426664675775,250,"Configure comprehensive permissions,Add network-server service,Add new RDS service,Configure lambda function URL,Configure RDS connection string env var,Add VPC configuration,Toggle source trigger,Toggle CloudFront cache invalidation,Modify container image source",120549,7,2025-06-28T18:32:28.122Z,"High",435.00,0.00,15.83
"json-diff-kit",11.444291999999905,4640352,1106766,918.1046711295821,250,"Configure comprehensive permissions,Add network-server service,Add new RDS service,Configure lambda function URL,Configure RDS connection string env var,Add VPC configuration,Toggle source trigger,Toggle CloudFront cache invalidation,Modify container image source",120549,7,2025-06-28T18:32:28.122Z,"High",87.38,4531.59,1080.83
"schema-aggregated",18.432207999999946,0,3418123,2046.9273241190983,259,"Add comprehensive CI config,Add comprehensive autoscaling,Configure container registry,Configure RDS connection string env var,Add network server ports,Toggle inject env variables,Change service type from web to worker,Toggle multi-AZ for RDS,Change version history count,Change sticky sessions duration,Add S3 bucket policy",166988,8,2025-06-28T18:32:28.122Z,"High",54.25,0.00,3338.01
"json-diff-kit",29.912207999999964,0,1873161,1121.7338970464943,259,"Add comprehensive CI config,Add comprehensive autoscaling,Configure container registry,Configure RDS connection string env var,Add network server ports,Toggle inject env variables,Change service type from web to worker,Toggle multi-AZ for RDS,Change version history count,Change sticky sessions duration,Add S3 bucket policy",166988,8,2025-06-28T18:32:28.122Z,"High",33.43,0.00,1829.26
"schema-aggregated",6.0011249999997744,0,1326838,3570.2238725648476,219,"Add comprehensive autoscaling,Add comprehensive logging setup,Configure RDS with advanced settings,Remove a service,Add new worker service,Toggle origin shield,Change max instances,Change environment region,Change port number,Change version history count,Add start command",37164,9,2025-06-28T18:32:28.122Z,"High",166.64,0.00,1295.74
"json-diff-kit",5.406666999999743,0,744986,2004.590463889786,219,"Add comprehensive autoscaling,Add comprehensive logging setup,Configure RDS with advanced settings,Remove a service,Add new worker service,Toggle origin shield,Change max instances,Change environment region,Change port number,Change version history count,Add start command",37164,9,2025-06-28T18:32:28.122Z,"High",184.96,0.00,727.53
"schema-aggregated",8.595667000000049,0,1442506,1292.9620135166629,206,"Configure comprehensive permissions,Setup scheduler with multiple jobs,Add new worker service,Configure cross-service environment variables,Modify elasticache settings,Change environment region,Change build type,Toggle inject env variables,Change base path,Change source branch,Change service ID",111566,10,2025-06-28T18:32:28.122Z,"High",116.34,0.00,1408.70
"json-diff-kit",14.756750000000011,9619983,1190370,1066.9648459208001,206,"Configure comprehensive permissions,Setup scheduler with multiple jobs,Add new worker service,Configure cross-service environment variables,Modify elasticache settings,Change environment region,Change build type,Toggle inject env variables,Change base path,Change source branch,Change service ID",111566,10,2025-06-28T18:32:28.122Z,"High",67.77,9394.51,1162.47
"schema-aggregated",18.133582999998907,0,2719798,1847.0865478648268,205,"Add comprehensive CI config,Batch update service resources,Modify RDS settings,Add new worker service,Reorder services,Toggle multi-AZ for RDS,Add health check grace period,Change service ID",147248,11,2025-06-28T18:32:28.122Z,"High",55.15,0.00,2656.05
"json-diff-kit",20.857292000000598,11876064,1334994,906.6296316418559,205,"Add comprehensive CI config,Batch update service resources,Modify RDS settings,Add new worker service,Reorder services,Toggle multi-AZ for RDS,Add health check grace period,Change service ID",147248,11,2025-06-28T18:32:28.122Z,"High",47.94,11597.72,1303.71
"schema-aggregated",1.9570000000003347,0,21907,19.886167644015178,213,"Configure comprehensive permissions,Add comprehensive CI config,Add post build command,Modify elasticache settings,Configure port health checks for network server,Change service name,Toggle sticky sessions,Remove dependencies,Change docker context,Change base path",110162,12,2025-06-28T18:32:28.122Z,"High",510.99,0.00,21.39
"json-diff-kit",9.677834000000075,3578956,926407,840.9496922713821,213,"Configure comprehensive permissions,Add comprehensive CI config,Add post build command,Modify elasticache settings,Configure port health checks for network server,Change service name,Toggle sticky sessions,Remove dependencies,Change docker context,Change base path",110162,12,2025-06-28T18:32:28.122Z,"High",103.33,3495.07,904.69
"schema-aggregated",6.0055000000011205,0,1352113,2252.6581477100444,220,"Add comprehensive autoscaling,Create service dependency chain,Add new RDS service,Add lambda function with docker,Add post build command,Change environment ID,Modify autoscaling thresholds,Toggle multi-AZ for RDS,Change service type from web to worker",60023,13,2025-06-28T18:32:28.122Z,"High",166.51,0.00,1320.42
"json-diff-kit",7.159249999998792,5136525,709917,1182.7416157139764,220,"Add comprehensive autoscaling,Create service dependency chain,Add new RDS service,Add lambda function with docker,Add post build command,Change environment ID,Modify autoscaling thresholds,Toggle multi-AZ for RDS,Change service type from web to worker",60023,13,2025-06-28T18:32:28.122Z,"High",139.68,5016.14,693.28
"schema-aggregated",3.8489580000004935,0,725708,1302.629642260954,214,"Configure comprehensive permissions,Add network-server service,Reorder services,Configure datadog integration,Configure cross-service environment variables,Add S3 bucket policy,Change PR source configuration,Change service memory,Change health check timeout",55711,14,2025-06-28T18:32:28.122Z,"High",259.81,0.00,708.70
"json-diff-kit",5.203583999998955,0,587645,1054.8096426199495,214,"Configure comprehensive permissions,Add network-server service,Reorder services,Configure datadog integration,Configure cross-service environment variables,Add S3 bucket policy,Change PR source configuration,Change service memory,Change health check timeout",55711,14,2025-06-28T18:32:28.122Z,"High",192.18,0.00,573.87
"schema-aggregated",26.651749999999083,0,5821948,3299.488807027487,212,"Add comprehensive logging setup,Add comprehensive service with all features,Configure port health checks for network server,Configure cross-service environment variables,Toggle sticky sessions,Toggle container insights,Toggle origin shield,Change port number",176450,15,2025-06-28T18:32:28.122Z,"High",37.52,0.00,5685.50
"json-diff-kit",58.19087500000023,27522213,3419629,1938.015868517994,212,"Add comprehensive logging setup,Add comprehensive service with all features,Configure port health checks for network server,Configure cross-service environment variables,Toggle sticky sessions,Toggle container insights,Toggle origin shield,Change port number",176450,15,2025-06-28T18:32:28.122Z,"High",17.18,26877.16,3339.48
"schema-aggregated",19.52666599999975,0,3092936,1898.589993063527,206,"Add S3 bucket service,Setup multi-service network configuration,Add new RDS service,Add docker labels,Add post build command,Add new RDS service,Change min instances,Add sidecar containers,Toggle container insights,Change port number,Add sidecar containers",162907,16,2025-06-28T18:32:28.122Z,"High",51.21,0.00,3020.45
"json-diff-kit",23.199542000000292,15361331,1715610,1053.12233360138,206,"Add S3 bucket service,Setup multi-service network configuration,Add new RDS service,Add docker labels,Add post build command,Add new RDS service,Change min instances,Add sidecar containers,Toggle container insights,Change port number,Add sidecar containers",162907,16,2025-06-28T18:32:28.122Z,"High",43.10,15001.30,1675.40
"schema-aggregated",2.12879200000134,0,18826,16.644269194044632,226,"Add environment-level env variables,Add private web service,Configure lambda function URL,Add network server ports,Configure target with ECS EC2,Modify elasticache settings,Add static site with SPA config,Change environment name,Add dependency between services",113108,17,2025-06-28T18:32:28.122Z,"High",469.75,0.00,18.38
"json-diff-kit",9.66662499999984,0,1026634,907.6581674152137,226,"Add environment-level env variables,Add private web service,Configure lambda function URL,Add network server ports,Configure target with ECS EC2,Modify elasticache settings,Add static site with SPA config,Change environment name,Add dependency between services",113108,17,2025-06-28T18:32:28.122Z,"High",103.45,0.00,1002.57
"schema-aggregated",0.8470419999994192,0,30687,79.12283415841584,215,"Add S3 bucket service,Create service dependency chain,Add permissions configuration,Add post build command,Add scheduler jobs,Add CI configuration,Add static site with SPA config,Remove environment variable",38784,18,2025-06-28T18:32:28.122Z,"High",1180.58,0.00,29.97
"json-diff-kit",2.310416999998779,0,358768,925.0412541254125,215,"Add S3 bucket service,Create service dependency chain,Add permissions configuration,Add post build command,Add scheduler jobs,Add CI configuration,Add static site with SPA config,Remove environment variable",38784,18,2025-06-28T18:32:28.122Z,"High",432.82,0.00,350.36
"schema-aggregated",3.2762089999996533,0,38238,21.223171320578786,249,"Setup scheduler with multiple jobs,Add environment-level env variables,Add elasticache service,Configure target with ECS EC2,Add new static service,Add permissions configuration,Change source branch,Add scheduler with job timeout and resource overrides,Add sidecar containers,Add dependency between services,Add S3 bucket policy,Change version history count",180171,19,2025-06-28T18:32:28.122Z,"High",305.23,0.00,37.34
"json-diff-kit",22.881250000000364,8599527,1646095,913.6292744115312,249,"Setup scheduler with multiple jobs,Add environment-level env variables,Add elasticache service,Configure target with ECS EC2,Add new static service,Add permissions configuration,Change source branch,Add scheduler with job timeout and resource overrides,Add sidecar containers,Add dependency between services,Add S3 bucket policy,Change version history count",180171,19,2025-06-28T18:32:28.122Z,"High",43.70,8397.98,1607.51
"schema-aggregated",1.007208000000901,0,133081,274.19594107345216,223,"Add lambda function service,Configure comprehensive permissions,Configure RDS with advanced settings,Configure RDS with advanced settings,Add post build command,Add docker labels,Change environment ID,Toggle sticky sessions,Change dockerfile path,Change port number,Change port number",48535,20,2025-06-28T18:32:28.122Z,"High",992.84,0.00,129.96
"json-diff-kit",2.639791999999943,0,441037,908.6988770990008,223,"Add lambda function service,Configure comprehensive permissions,Configure RDS with advanced settings,Configure RDS with advanced settings,Add post build command,Add docker labels,Change environment ID,Toggle sticky sessions,Change dockerfile path,Change port number,Change port number",48535,20,2025-06-28T18:32:28.122Z,"High",378.82,0.00,430.70
"schema-aggregated",6.1901249999991705,0,1104259,1734.565360811787,245,"Add comprehensive CI config,Batch update service resources,Configure Lambda VPC,Configure port health checks for network server,Change storage size,Change service memory,Change service memory,Add sidecar containers,Add logging configuration,Add S3 bucket policy",63662,21,2025-06-28T18:32:28.122Z,"High",161.55,0.00,1078.38
"json-diff-kit",3.5476249999992433,0,538107,845.2561967892935,245,"Add comprehensive CI config,Batch update service resources,Configure Lambda VPC,Configure port health checks for network server,Change storage size,Change service memory,Change service memory,Add sidecar containers,Add logging configuration,Add S3 bucket policy",63662,21,2025-06-28T18:32:28.122Z,"High",281.88,0.00,525.50
"schema-aggregated",20.95062500000131,0,3643590,1900.3061485263668,257,"Setup multi-service network configuration,Add comprehensive service with all features,Add autoscaling configuration,Modify port configuration,Configure container registry,Configure RDS with advanced settings,Add watch paths,Add watch paths,Change health check timeout,Change environment name,Add experimental features,Change target type",191737,22,2025-06-28T18:32:28.122Z,"High",47.73,0.00,3558.19
"json-diff-kit",24.123208999999406,0,2027697,1057.5407980723594,257,"Setup multi-service network configuration,Add comprehensive service with all features,Add autoscaling configuration,Modify port configuration,Configure container registry,Configure RDS with advanced settings,Add watch paths,Add watch paths,Change health check timeout,Change environment name,Add experimental features,Change target type",191737,22,2025-06-28T18:32:28.122Z,"High",41.45,0.00,1980.17
"schema-aggregated",1.5211659999986296,0,32953,39.36519692752446,252,"Configure comprehensive permissions,Add comprehensive service with all features,Modify elasticache settings,Add new RDS service,Configure lambda function URL,Add new RDS service,Change environment name,Add single environment variable,Add S3 bucket policy,Change service memory,Change service type from web to worker,Change version history count",83711,23,2025-06-28T18:32:28.122Z,"High",657.39,0.00,32.18
"json-diff-kit",6.94774999999936,0,767136,916.4100297451947,252,"Configure comprehensive permissions,Add comprehensive service with all features,Modify elasticache settings,Add new RDS service,Configure lambda function URL,Add new RDS service,Change environment name,Add single environment variable,Add S3 bucket policy,Change service memory,Change service type from web to worker,Change version history count",83711,23,2025-06-28T18:32:28.122Z,"High",143.93,0.00,749.16
"schema-aggregated",22.409459000000425,0,4018318,2044.0301544346553,215,"Add comprehensive autoscaling,Create service dependency chain,Add environment variables with different types,Add new web service,Add build commands,Toggle container insights,Modify container image source,Toggle origin shield,Toggle privileged mode",196588,24,2025-06-28T18:32:28.122Z,"High",44.62,0.00,3924.14
"json-diff-kit",33.54487499999959,20665267,2342902,1191.7828148208437,215,"Add comprehensive autoscaling,Create service dependency chain,Add environment variables with different types,Add new web service,Add build commands,Toggle container insights,Modify container image source,Toggle origin shield,Toggle privileged mode",196588,24,2025-06-28T18:32:28.122Z,"High",29.81,20180.92,2287.99
"schema-aggregated",17.74162499999875,0,2367776,1351.3854723733098,586,"Create service dependency chain,Add network-server service,Add network-server service,Configure comprehensive permissions,Add lambda function service,Add lambda function service,Add lambda function with docker,Configure cross-service environment variables,Configure target with ECS EC2,Add scheduler jobs,Configure Lambda VPC,Configure datadog integration,Add firelens logging config,Add scheduler jobs,Reorder services,Add new worker service,Change sticky sessions duration,Toggle sticky sessions,Change storage size,Toggle container insights,Change health check interval",175211,0,2025-06-28T18:32:28.122Z,"Very High",56.36,0.00,2312.28
"json-diff-kit",172.45699999999852,1796518778,1859876,1061.506412268636,586,"Create service dependency chain,Add network-server service,Add network-server service,Configure comprehensive permissions,Add lambda function service,Add lambda function service,Add lambda function with docker,Configure cross-service environment variables,Configure target with ECS EC2,Add scheduler jobs,Configure Lambda VPC,Configure datadog integration,Add firelens logging config,Add scheduler jobs,Reorder services,Add new worker service,Change sticky sessions duration,Toggle sticky sessions,Change storage size,Toggle container insights,Change health check interval",175211,0,2025-06-28T18:32:28.122Z,"Very High",5.80,1754412.87,1816.29
"schema-aggregated",5.642125000002125,0,1120486,3989.198234121333,678,"Setup scheduler with multiple jobs,Add S3 bucket service,Add comprehensive logging setup,Setup multi-service network configuration,Add environment-level env variables,Setup multi-service network configuration,Add comprehensive autoscaling,Configure target with ECS EC2,Configure container registry,Add network server ports,Configure RDS connection string env var,Configure container registry,Modify storage type for RDS,Add new worker service,Add docker labels,Add autoscaling configuration,Add sidecar containers,Change health check path,Add static site with SPA config,Change sticky sessions duration,Toggle multi-AZ for RDS",28088,1,2025-06-28T18:32:28.122Z,"Very High",177.24,0.00,1094.22
"json-diff-kit",6.05199999999968,0,643715,2291.779407576189,678,"Setup scheduler with multiple jobs,Add S3 bucket service,Add comprehensive logging setup,Setup multi-service network configuration,Add environment-level env variables,Setup multi-service network configuration,Add comprehensive autoscaling,Configure target with ECS EC2,Configure container registry,Add network server ports,Configure RDS connection string env var,Configure container registry,Modify storage type for RDS,Add new worker service,Add docker labels,Add autoscaling configuration,Add sidecar containers,Change health check path,Add static site with SPA config,Change sticky sessions duration,Toggle multi-AZ for RDS",28088,1,2025-06-28T18:32:28.122Z,"Very High",165.23,0.00,628.63
"schema-aggregated",13.355917000000773,0,2762149,5173.241810724252,793,"Add comprehensive autoscaling,Add S3 bucket service,Configure comprehensive permissions,Add comprehensive logging setup,Batch update service resources,Add environment-level env variables,Batch update service resources,Add post build command,Add permissions configuration,Add permissions configuration,Configure RDS with advanced settings,Add lambda function with docker,Add scheduler jobs,Add fromService environment variable,Configure port health checks for network server,Configure cross-service environment variables,Configure target with ECS EC2,Add start command,Remove dependencies,Change build type,Change version history count,Change health check interval,Change service ID,Add start command,Change storage size,Change sticky sessions duration,Add scheduler with job timeout and resource overrides,Modify container image source,Add experimental features",53393,2,2025-06-28T18:32:28.122Z,"Very High",74.87,0.00,2697.41
"json-diff-kit",14.288917000001675,0,1588979,2976.006218043564,793,"Add comprehensive autoscaling,Add S3 bucket service,Configure comprehensive permissions,Add comprehensive logging setup,Batch update service resources,Add environment-level env variables,Batch update service resources,Add post build command,Add permissions configuration,Add permissions configuration,Configure RDS with advanced settings,Add lambda function with docker,Add scheduler jobs,Add fromService environment variable,Configure port health checks for network server,Configure cross-service environment variables,Configure target with ECS EC2,Add start command,Remove dependencies,Change build type,Change version history count,Change health check interval,Change service ID,Add start command,Change storage size,Change sticky sessions duration,Add scheduler with job timeout and resource overrides,Modify container image source,Add experimental features",53393,2,2025-06-28T18:32:28.122Z,"Very High",69.98,0.00,1551.74
"schema-aggregated",8.833291999999346,0,1911998,3042.4027368923544,530,"Configure comprehensive permissions,Add comprehensive CI config,Add environment-level env variables,Add private web service,Add S3 bucket service,Add comprehensive logging setup,Configure target with ECS EC2,Add post build command,Modify RDS settings,Add post build command,Add firelens logging config,Configure RDS connection string env var,Configure port health checks for network server,Add logging configuration,Change health check path,Change base path,Change build type,Change health check interval",62845,3,2025-06-28T18:32:28.122Z,"Very High",113.21,0.00,1867.19
"json-diff-kit",9.259291999998823,0,1122874,1786.7356193810167,530,"Configure comprehensive permissions,Add comprehensive CI config,Add environment-level env variables,Add private web service,Add S3 bucket service,Add comprehensive logging setup,Configure target with ECS EC2,Add post build command,Modify RDS settings,Add post build command,Add firelens logging config,Configure RDS connection string env var,Configure port health checks for network server,Add logging configuration,Change health check path,Change base path,Change build type,Change health check interval",62845,3,2025-06-28T18:32:28.122Z,"Very High",108.00,0.00,1096.56
"schema-aggregated",44.39824999999837,0,7014779,3400.1158450874896,502,"Add comprehensive logging setup,Batch update service resources,Add comprehensive logging setup,Add comprehensive service with all features,Reorder services,Add scheduler jobs,Configure lambda function URL,Add elasticache service,Modify storage type for RDS,Configure datadog integration,Remove environment variable,Change version history count,Add sidecar containers,Change service name,Change service memory,Toggle inject env variables,Remove dependencies,Add sidecar containers,Add scheduler with job timeout and resource overrides,Change build type,Add watch paths,Toggle container insights,Change health check path,Toggle container insights",206310,4,2025-06-28T18:32:28.122Z,"Very High",22.52,0.00,6850.37
"json-diff-kit",194.43562499999825,1488485955,3695396,1791.1860792012021,502,"Add comprehensive logging setup,Batch update service resources,Add comprehensive logging setup,Add comprehensive service with all features,Reorder services,Add scheduler jobs,Configure lambda function URL,Add elasticache service,Modify storage type for RDS,Configure datadog integration,Remove environment variable,Change version history count,Add sidecar containers,Change service name,Change service memory,Toggle inject env variables,Remove dependencies,Add sidecar containers,Add scheduler with job timeout and resource overrides,Change build type,Add watch paths,Toggle container insights,Change health check path,Toggle container insights",206310,4,2025-06-28T18:32:28.122Z,"Very High",5.14,1453599.57,3608.79
"schema-aggregated",17.73687500000233,0,2837492,2052.2127798068927,654,"Batch update service resources,Add S3 bucket service,Create service dependency chain,Setup multi-service network configuration,Create service dependency chain,Setup scheduler with multiple jobs,Modify elasticache settings,Add environment variables with different types,Add VPC configuration,Add network server ports,Add new web service,Configure datadog integration,Configure datadog integration,Configure Lambda VPC,Toggle sticky sessions,Add experimental features,Change service ID,Change docker context,Add start command,Change service type from web to worker,Change source branch,Change source branch,Change service name,Toggle origin shield,Toggle origin shield,Add S3 bucket policy",138265,5,2025-06-28T18:32:28.122Z,"Very High",56.38,0.00,2770.99
"json-diff-kit",22.99695800000336,0,1463205,1058.261309803638,654,"Batch update service resources,Add S3 bucket service,Create service dependency chain,Setup multi-service network configuration,Create service dependency chain,Setup scheduler with multiple jobs,Modify elasticache settings,Add environment variables with different types,Add VPC configuration,Add network server ports,Add new web service,Configure datadog integration,Configure datadog integration,Configure Lambda VPC,Toggle sticky sessions,Add experimental features,Change service ID,Change docker context,Add start command,Change service type from web to worker,Change source branch,Change source branch,Change service name,Toggle origin shield,Toggle origin shield,Add S3 bucket policy",138265,5,2025-06-28T18:32:28.122Z,"Very High",43.48,0.00,1428.91
"schema-aggregated",23.93224999999802,0,4218144,2050.5293860288757,551,"Add network-server service,Add comprehensive autoscaling,Add private web service,Add comprehensive autoscaling,Add environment-level env variables,Configure datadog integration,Configure lambda function URL,Add environment variables with different types,Add new static service,Configure RDS with advanced settings,Configure lambda function URL,Add network server ports,Modify port configuration,Add environment variables with different types,Toggle inject env variables,Change health check timeout,Change sticky sessions duration,Change target type,Change build type,Change port number",205710,6,2025-06-28T18:32:28.122Z,"Very High",41.78,0.00,4119.28
"json-diff-kit",50.435708000004524,0,2453679,1192.7854746973896,551,"Add network-server service,Add comprehensive autoscaling,Add private web service,Add comprehensive autoscaling,Add environment-level env variables,Configure datadog integration,Configure lambda function URL,Add environment variables with different types,Add new static service,Configure RDS with advanced settings,Configure lambda function URL,Add network server ports,Modify port configuration,Add environment variables with different types,Toggle inject env variables,Change health check timeout,Change sticky sessions duration,Change target type,Change build type,Change port number",205710,6,2025-06-28T18:32:28.122Z,"Very High",19.83,0.00,2396.17
"schema-aggregated",4.529999999998836,0,750533,2397.179724679804,712,"Add comprehensive CI config,Setup multi-service network configuration,Create service dependency chain,Configure comprehensive permissions,Add comprehensive service with all features,Add environment-level env variables,Add environment variables with different types,Configure RDS connection string env var,Add scheduler jobs,Configure cross-service environment variables,Reorder services,Add VPC configuration,Configure target with ECS EC2,Configure target with ECS EC2,Configure datadog integration,Change health check path,Change docker context,Change docker context,Add single environment variable,Toggle multi-AZ for RDS,Modify container image source,Toggle origin shield,Change health check timeout,Add start command,Change service memory",31309,7,2025-06-28T18:32:28.122Z,"Very High",220.75,0.00,732.94
"json-diff-kit",2.942291999992449,0,386334,1233.939122935897,712,"Add comprehensive CI config,Setup multi-service network configuration,Create service dependency chain,Configure comprehensive permissions,Add comprehensive service with all features,Add environment-level env variables,Add environment variables with different types,Configure RDS connection string env var,Add scheduler jobs,Configure cross-service environment variables,Reorder services,Add VPC configuration,Configure target with ECS EC2,Configure target with ECS EC2,Configure datadog integration,Change health check path,Change docker context,Change docker context,Add single environment variable,Toggle multi-AZ for RDS,Modify container image source,Toggle origin shield,Change health check timeout,Add start command,Change service memory",31309,7,2025-06-28T18:32:28.122Z,"Very High",339.87,0.00,377.28
"schema-aggregated",2.9835000000020955,0,424036,257.5268588641843,677,"Add comprehensive CI config,Add environment-level env variables,Add lambda function service,Add private web service,Configure comprehensive permissions,Create service dependency chain,Add comprehensive service with all features,Add private web service,Remove a service,Configure target with ECS EC2,Configure lambda function URL,Add lambda function with docker,Add new web service,Modify RDS settings,Add fromService environment variable,Change health check path,Change build type,Change service memory,Change environment ID,Remove dependencies,Add watch paths,Change service CPU,Toggle container insights,Change service memory,Toggle sticky sessions,Add health check grace period,Change service CPU,Toggle origin shield,Change dockerfile path,Change environment name",164657,8,2025-06-28T18:32:28.122Z,"Very High",335.18,0.00,414.10
"json-diff-kit",22.060582999998587,0,1516897,921.2465913990902,677,"Add comprehensive CI config,Add environment-level env variables,Add lambda function service,Add private web service,Configure comprehensive permissions,Create service dependency chain,Add comprehensive service with all features,Add private web service,Remove a service,Configure target with ECS EC2,Configure lambda function URL,Add lambda function with docker,Add new web service,Modify RDS settings,Add fromService environment variable,Change health check path,Change build type,Change service memory,Change environment ID,Remove dependencies,Add watch paths,Change service CPU,Toggle container insights,Change service memory,Toggle sticky sessions,Add health check grace period,Change service CPU,Toggle origin shield,Change dockerfile path,Change environment name",164657,8,2025-06-28T18:32:28.122Z,"Very High",45.33,0.00,1481.34
"schema-aggregated",1.7880000000004657,0,292041,2545.9070700026155,672,"Setup scheduler with multiple jobs,Batch update service resources,Add comprehensive CI config,Setup multi-service network configuration,Create service dependency chain,Configure comprehensive permissions,Batch update service resources,Add new static service,Add post build command,Add lambda function with docker,Add autoscaling configuration,Add lambda function with docker,Modify elasticache settings,Remove a service,Configure cross-service environment variables,Reorder services,Change base path,Add build commands,Add S3 bucket policy,Add build commands,Modify container image source,Toggle origin shield,Change target type,Change health check path,Change docker context,Change dockerfile path",11471,9,2025-06-28T18:32:28.122Z,"Very High",559.28,0.00,285.20
"json-diff-kit",1.026624999998603,0,146749,1279.3043326649813,672,"Setup scheduler with multiple jobs,Batch update service resources,Add comprehensive CI config,Setup multi-service network configuration,Create service dependency chain,Configure comprehensive permissions,Batch update service resources,Add new static service,Add post build command,Add lambda function with docker,Add autoscaling configuration,Add lambda function with docker,Modify elasticache settings,Remove a service,Configure cross-service environment variables,Reorder services,Change base path,Add build commands,Add S3 bucket policy,Add build commands,Modify container image source,Toggle origin shield,Change target type,Change health check path,Change docker context,Change dockerfile path",11471,9,2025-06-28T18:32:28.122Z,"Very High",974.07,0.00,143.31
"schema-aggregated",6.362958000012441,0,1145928,2527.745180217938,544,"Setup scheduler with multiple jobs,Configure comprehensive permissions,Batch update service resources,Setup multi-service network configuration,Configure datadog integration,Configure cross-service environment variables,Modify elasticache settings,Add lambda function with docker,Reorder services,Add new static service,Add network server ports,Configure RDS connection string env var,Configure cross-service environment variables,Toggle multi-AZ for RDS,Add experimental features,Add experimental features,Add sidecar containers,Change service name,Change service memory,Change service memory,Change build type,Remove dependencies,Change max instances,Change version history count,Add experimental features,Add integrations",45334,10,2025-06-28T18:32:28.122Z,"Very High",157.16,0.00,1119.07
"json-diff-kit",4.749875000008615,0,557674,1230.1451449243393,544,"Setup scheduler with multiple jobs,Configure comprehensive permissions,Batch update service resources,Setup multi-service network configuration,Configure datadog integration,Configure cross-service environment variables,Modify elasticache settings,Add lambda function with docker,Reorder services,Add new static service,Add network server ports,Configure RDS connection string env var,Configure cross-service environment variables,Toggle multi-AZ for RDS,Add experimental features,Add experimental features,Add sidecar containers,Change service name,Change service memory,Change service memory,Change build type,Remove dependencies,Change max instances,Change version history count,Add experimental features,Add integrations",45334,10,2025-06-28T18:32:28.122Z,"Very High",210.53,0.00,544.60
"schema-aggregated",30.28291700000409,0,4716675,2479.3417753457493,674,"Add comprehensive CI config,Add lambda function service,Add S3 bucket service,Add comprehensive CI config,Add comprehensive autoscaling,Add comprehensive autoscaling,Batch update service resources,Configure datadog integration,Add environment variables with different types,Configure cross-service environment variables,Modify storage type for RDS,Add new static service,Add scheduler jobs,Add fromService environment variable,Add scheduler with job timeout and resource overrides,Change min instances,Change health check interval,Change environment name,Change environment region,Toggle CloudFront cache invalidation,Toggle multi-AZ for RDS,Change health check interval,Toggle origin shield,Change service CPU,Toggle container insights,Add dependency between services,Change environment name,Change base path",190239,11,2025-06-28T18:32:28.122Z,"Very High",33.02,0.00,4606.13
"json-diff-kit",41.199500000002445,0,2564988,1348.297667670667,674,"Add comprehensive CI config,Add lambda function service,Add S3 bucket service,Add comprehensive CI config,Add comprehensive autoscaling,Add comprehensive autoscaling,Batch update service resources,Configure datadog integration,Add environment variables with different types,Configure cross-service environment variables,Modify storage type for RDS,Add new static service,Add scheduler jobs,Add fromService environment variable,Add scheduler with job timeout and resource overrides,Change min instances,Change health check interval,Change environment name,Change environment region,Toggle CloudFront cache invalidation,Toggle multi-AZ for RDS,Change health check interval,Toggle origin shield,Change service CPU,Toggle container insights,Add dependency between services,Change environment name,Change base path",190239,11,2025-06-28T18:32:28.122Z,"Very High",24.27,0.00,2504.87
"schema-aggregated",19.206500000000233,0,4018157,4815.8552663119035,681,"Setup multi-service network configuration,Add S3 bucket service,Setup multi-service network configuration,Create service dependency chain,Configure comprehensive permissions,Create service dependency chain,Add comprehensive logging setup,Remove a service,Add firelens logging config,Add network server ports,Add new web service,Add autoscaling configuration,Configure container registry,Add VPC configuration,Add new RDS service,Add static site with SPA config,Change service name,Change docker context,Change service ID,Toggle multi-AZ for RDS,Change max instances,Remove dependencies,Change health check interval,Add sidecar containers",83436,12,2025-06-28T18:32:28.122Z,"Very High",52.07,0.00,3923.98
"json-diff-kit",23.964334000003873,0,2325581,2787.2632916247185,681,"Setup multi-service network configuration,Add S3 bucket service,Setup multi-service network configuration,Create service dependency chain,Configure comprehensive permissions,Create service dependency chain,Add comprehensive logging setup,Remove a service,Add firelens logging config,Add network server ports,Add new web service,Add autoscaling configuration,Configure container registry,Add VPC configuration,Add new RDS service,Add static site with SPA config,Change service name,Change docker context,Change service ID,Toggle multi-AZ for RDS,Change max instances,Remove dependencies,Change health check interval,Add sidecar containers",83436,12,2025-06-28T18:32:28.122Z,"Very High",41.73,0.00,2271.08
"schema-aggregated",25.348542000007,0,3376825,2821.592105483046,725,"Setup multi-service network configuration,Add S3 bucket service,Add environment-level env variables,Add comprehensive CI config,Add environment-level env variables,Setup multi-service network configuration,Setup multi-service network configuration,Add comprehensive autoscaling,Reorder services,Configure container registry,Configure target with ECS EC2,Add new static service,Add VPC configuration,Add new RDS service,Add network server ports,Add build commands,Change base path,Change min instances,Change health check interval,Add watch paths,Toggle CloudFront cache invalidation,Change health check timeout,Change service type from web to worker,Add integrations,Add CI configuration,Change storage size,Change health check timeout",119678,13,2025-06-28T18:32:28.122Z,"Very High",39.45,0.00,3297.68
"json-diff-kit",259.5484590000124,1687811161,1752162,1464.0635705810591,725,"Setup multi-service network configuration,Add S3 bucket service,Add environment-level env variables,Add comprehensive CI config,Add environment-level env variables,Setup multi-service network configuration,Setup multi-service network configuration,Add comprehensive autoscaling,Reorder services,Configure container registry,Configure target with ECS EC2,Add new static service,Add VPC configuration,Add new RDS service,Add network server ports,Add build commands,Change base path,Change min instances,Change health check interval,Add watch paths,Toggle CloudFront cache invalidation,Change health check timeout,Change service type from web to worker,Add integrations,Add CI configuration,Change storage size,Change health check timeout",119678,13,2025-06-28T18:32:28.122Z,"Very High",3.85,1648253.09,1711.10
"schema-aggregated",48.25870899998699,0,4574860,2204.4330940105046,526,"Create service dependency chain,Add comprehensive autoscaling,Add comprehensive service with all features,Add private web service,Add comprehensive autoscaling,Modify storage type for RDS,Configure port health checks for network server,Add network server ports,Reorder services,Add post build command,Modify port configuration,Configure lambda function URL,Add elasticache service,Change environment region,Add CI configuration,Change docker context,Change health check interval,Toggle source trigger,Add pre/post deploy commands,Change service CPU",207530,14,2025-06-28T18:32:28.122Z,"Very High",20.72,0.00,4467.64
"json-diff-kit",103.48912499999278,0,2482438,1196.18272057052,526,"Create service dependency chain,Add comprehensive autoscaling,Add comprehensive service with all features,Add private web service,Add comprehensive autoscaling,Modify storage type for RDS,Configure port health checks for network server,Add network server ports,Reorder services,Add post build command,Modify port configuration,Configure lambda function URL,Add elasticache service,Change environment region,Add CI configuration,Change docker context,Change health check interval,Toggle source trigger,Add pre/post deploy commands,Change service CPU",207530,14,2025-06-28T18:32:28.122Z,"Very High",9.66,0.00,2424.26
"schema-aggregated",10.779541000025347,0,1633471,2212.655775899437,611,"Add comprehensive autoscaling,Add environment-level env variables,Add comprehensive CI config,Add network-server service,Add comprehensive autoscaling,Create service dependency chain,Add autoscaling configuration,Configure container registry,Add VPC configuration,Add environment variables with different types,Reorder services,Add VPC configuration,Configure target with ECS EC2,Add environment variables with different types,Change source branch,Toggle source trigger,Change environment name,Add CI configuration,Add build commands",73824,15,2025-06-28T18:32:28.122Z,"Very High",92.77,0.00,1595.19
"json-diff-kit",15.199542000016663,0,886189,1200.407726484612,611,"Add comprehensive autoscaling,Add environment-level env variables,Add comprehensive CI config,Add network-server service,Add comprehensive autoscaling,Create service dependency chain,Add autoscaling configuration,Configure container registry,Add VPC configuration,Add environment variables with different types,Reorder services,Add VPC configuration,Configure target with ECS EC2,Add environment variables with different types,Change source branch,Toggle source trigger,Change environment name,Add CI configuration,Add build commands",73824,15,2025-06-28T18:32:28.122Z,"Very High",65.79,0.00,865.42
"schema-aggregated",32.77074999999604,0,2974132,1865.2442772028849,736,"Add S3 bucket service,Setup scheduler with multiple jobs,Setup scheduler with multiple jobs,Add network-server service,Setup scheduler with multiple jobs,Create service dependency chain,Batch update service resources,Add S3 bucket service,Configure RDS with advanced settings,Add new static service,Configure Lambda VPC,Add permissions configuration,Add network server ports,Modify elasticache settings,Reorder services,Add fromService environment variable,Configure Lambda VPC,Configure RDS connection string env var,Add health check grace period,Add health check grace period,Change health check interval,Add dependency between services,Add scheduler with job timeout and resource overrides,Change health check interval,Add logging configuration,Add S3 bucket policy,Toggle container insights",159450,16,2025-06-28T18:32:28.122Z,"Very High",30.52,0.00,2904.43
"json-diff-kit",330.8454999999958,2444157598,1466817,919.9228598306679,736,"Add S3 bucket service,Setup scheduler with multiple jobs,Setup scheduler with multiple jobs,Add network-server service,Setup scheduler with multiple jobs,Create service dependency chain,Batch update service resources,Add S3 bucket service,Configure RDS with advanced settings,Add new static service,Configure Lambda VPC,Add permissions configuration,Add network server ports,Modify elasticache settings,Reorder services,Add fromService environment variable,Configure Lambda VPC,Configure RDS connection string env var,Add health check grace period,Add health check grace period,Change health check interval,Add dependency between services,Add scheduler with job timeout and resource overrides,Change health check interval,Add logging configuration,Add S3 bucket policy,Toggle container insights",159450,16,2025-06-28T18:32:28.122Z,"Very High",3.02,2386872.65,1432.44
"schema-aggregated",16.097042000008514,0,2121897,2081.2910123490697,646,"Add lambda function service,Add lambda function service,Batch update service resources,Add lambda function service,Add network-server service,Setup scheduler with multiple jobs,Setup multi-service network configuration,Batch update service resources,Add fromService environment variable,Add elasticache service,Add autoscaling configuration,Add permissions configuration,Modify port configuration,Modify storage type for RDS,Change PR source configuration,Change health check timeout,Toggle CloudFront cache invalidation,Add logging configuration,Toggle origin shield,Remove dependencies,Add static site with SPA config,Change health check interval,Add static site with SPA config,Change docker context,Change version history count,Change environment name,Add experimental features,Add single environment variable",101951,17,2025-06-28T18:32:28.122Z,"Very High",62.12,0.00,2072.17
"json-diff-kit",16.74199999999837,0,1094820,1073.8688193347787,646,"Add lambda function service,Add lambda function service,Batch update service resources,Add lambda function service,Add network-server service,Setup scheduler with multiple jobs,Setup multi-service network configuration,Batch update service resources,Add fromService environment variable,Add elasticache service,Add autoscaling configuration,Add permissions configuration,Modify port configuration,Modify storage type for RDS,Change PR source configuration,Change health check timeout,Toggle CloudFront cache invalidation,Add logging configuration,Toggle origin shield,Remove dependencies,Add static site with SPA config,Change health check interval,Add static site with SPA config,Change docker context,Change version history count,Change environment name,Add experimental features,Add single environment variable",101951,17,2025-06-28T18:32:28.122Z,"Very High",59.73,0.00,1069.16
"schema-aggregated",8.91970900000888,0,1225106,2217.7878349022444,532,"Add S3 bucket service,Batch update service resources,Add environment-level env variables,Add comprehensive CI config,Add comprehensive autoscaling,Create service dependency chain,Add post build command,Add docker labels,Add post build command,Add autoscaling configuration,Configure RDS connection string env var,Modify elasticache settings,Add sidecar containers,Change source branch,Change docker context,Toggle privileged mode,Toggle container insights,Add static site with SPA config,Change port number,Add CI configuration,Change source branch,Change base path",55240,18,2025-06-28T18:32:28.122Z,"Very High",112.11,0.00,1196.39
"json-diff-kit",6.1614169999957085,0,660079,1194.929398986242,532,"Add S3 bucket service,Batch update service resources,Add environment-level env variables,Add comprehensive CI config,Add comprehensive autoscaling,Create service dependency chain,Add post build command,Add docker labels,Add post build command,Add autoscaling configuration,Configure RDS connection string env var,Modify elasticache settings,Add sidecar containers,Change source branch,Change docker context,Toggle privileged mode,Toggle container insights,Add static site with SPA config,Change port number,Add CI configuration,Change source branch,Change base path",55240,18,2025-06-28T18:32:28.122Z,"Very High",162.30,0.00,644.61
"schema-aggregated",12.320458000001963,0,1778759,2075.395241928897,502,"Add network-server service,Add comprehensive service with all features,Batch update service resources,Add environment-level env variables,Setup multi-service network configuration,Configure RDS with advanced settings,Modify elasticache settings,Configure lambda function URL,Configure container registry,Modify autoscaling thresholds,Toggle privileged mode,Change target type,Add integrations,Change health check interval,Change service memory,Add pre/post deploy commands,Change service ID,Change sticky sessions duration,Change service CPU,Change docker context,Remove environment variable,Add health check grace period,Remove dependencies",85707,19,2025-06-28T18:32:28.122Z,"Very High",81.17,0.00,1737.07
"json-diff-kit",13.50558299999102,0,910488,1062.3262977353074,502,"Add network-server service,Add comprehensive service with all features,Batch update service resources,Add environment-level env variables,Setup multi-service network configuration,Configure RDS with advanced settings,Modify elasticache settings,Configure lambda function URL,Configure container registry,Modify autoscaling thresholds,Toggle privileged mode,Change target type,Add integrations,Change health check interval,Change service memory,Add pre/post deploy commands,Change service ID,Change sticky sessions duration,Change service CPU,Change docker context,Remove environment variable,Add health check grace period,Remove dependencies",85707,19,2025-06-28T18:32:28.122Z,"Very High",74.04,0.00,889.15
"schema-aggregated",35.167333999997936,0,5589096,3647.925437136536,501,"Add comprehensive autoscaling,Setup scheduler with multiple jobs,Batch update service resources,Add comprehensive CI config,Add comprehensive logging setup,Configure Lambda VPC,Add firelens logging config,Add new static service,Configure target with ECS EC2,Add scheduler jobs,Add network server ports,Change version history count,Add build commands,Change max instances,Add watch paths,Change service ID,Toggle privileged mode,Change health check interval,Toggle CloudFront cache invalidation,Change health check interval,Change health check timeout",153213,20,2025-06-28T18:32:28.122Z,"Very High",28.44,0.00,5458.10
"json-diff-kit",69.50329199997941,0,3171228,2069.8165299289226,501,"Add comprehensive autoscaling,Setup scheduler with multiple jobs,Batch update service resources,Add comprehensive CI config,Add comprehensive logging setup,Configure Lambda VPC,Add firelens logging config,Add new static service,Configure target with ECS EC2,Add scheduler jobs,Add network server ports,Change version history count,Add build commands,Change max instances,Add watch paths,Change service ID,Toggle privileged mode,Change health check interval,Toggle CloudFront cache invalidation,Change health check interval,Change health check timeout",153213,20,2025-06-28T18:32:28.122Z,"Very High",14.39,0.00,3096.90
"schema-aggregated",52.35404100001324,0,6035832,2690.7119707918564,668,"Add lambda function service,Add network-server service,Setup multi-service network configuration,Add comprehensive service with all features,Setup multi-service network configuration,Add environment-level env variables,Add comprehensive autoscaling,Modify elasticache settings,Modify port configuration,Add docker labels,Configure port health checks for network server,Add permissions configuration,Add docker labels,Reorder services,Add elasticache service,Configure RDS connection string env var,Change health check path,Toggle privileged mode,Change PR source configuration,Remove environment variable,Add integrations,Change service type from web to worker,Add watch paths,Change PR source configuration,Remove dependencies,Change service memory,Toggle source trigger,Toggle source trigger,Toggle inject env variables",224321,21,2025-06-28T18:32:28.122Z,"Very High",19.10,0.00,5894.37
"json-diff-kit",332.47550000000047,0,3160385,1408.8672036947055,668,"Add lambda function service,Add network-server service,Setup multi-service network configuration,Add comprehensive service with all features,Setup multi-service network configuration,Add environment-level env variables,Add comprehensive autoscaling,Modify elasticache settings,Modify port configuration,Add docker labels,Configure port health checks for network server,Add permissions configuration,Add docker labels,Reorder services,Add elasticache service,Configure RDS connection string env var,Change health check path,Toggle privileged mode,Change PR source configuration,Remove environment variable,Add integrations,Change service type from web to worker,Add watch paths,Change PR source configuration,Remove dependencies,Change service memory,Toggle source trigger,Toggle source trigger,Toggle inject env variables",224321,21,2025-06-28T18:32:28.122Z,"Very High",3.01,0.00,3086.31
"schema-aggregated",29.528541999985464,0,5126237,3218.663744929866,552,"Add S3 bucket service,Add comprehensive service with all features,Batch update service resources,Configure comprehensive permissions,Add S3 bucket service,Add lambda function service,Add private web service,Reorder services,Configure RDS connection string env var,Remove a service,Add fromService environment variable,Add new static service,Add sidecar containers,Add dependency between services,Change build type,Add S3 bucket policy,Change service type from web to worker,Add start command,Add sidecar containers,Toggle container insights,Add watch paths,Add logging configuration",159266,22,2025-06-28T18:32:28.122Z,"Very High",33.87,0.00,5006.09
"json-diff-kit",175.19991700001992,0,2714126,1704.146522170457,552,"Add S3 bucket service,Add comprehensive service with all features,Batch update service resources,Configure comprehensive permissions,Add S3 bucket service,Add lambda function service,Add private web service,Reorder services,Configure RDS connection string env var,Remove a service,Add fromService environment variable,Add new static service,Add sidecar containers,Add dependency between services,Change build type,Add S3 bucket policy,Change service type from web to worker,Add start command,Add sidecar containers,Toggle container insights,Add watch paths,Add logging configuration",159266,22,2025-06-28T18:32:28.122Z,"Very High",5.71,0.00,2650.51
"schema-aggregated",30.67487499996787,0,5174338,2313.2976868534233,752,"Add comprehensive autoscaling,Add comprehensive autoscaling,Add private web service,Add private web service,Add comprehensive CI config,Create service dependency chain,Add private web service,Add private web service,Add scheduler jobs,Add network server ports,Configure lambda function URL,Add VPC configuration,Add new RDS service,Add autoscaling configuration,Configure cross-service environment variables,Configure container registry,Configure RDS with advanced settings,Add autoscaling configuration,Modify autoscaling thresholds,Change environment name,Add build commands,Toggle privileged mode,Modify autoscaling thresholds,Toggle inject env variables",223678,23,2025-06-28T18:32:28.122Z,"Very High",32.60,0.00,5053.06
"json-diff-kit",64.97495800000615,0,3007284,1344.4701758778244,752,"Add comprehensive autoscaling,Add comprehensive autoscaling,Add private web service,Add private web service,Add comprehensive CI config,Create service dependency chain,Add private web service,Add private web service,Add scheduler jobs,Add network server ports,Configure lambda function URL,Add VPC configuration,Add new RDS service,Add autoscaling configuration,Configure cross-service environment variables,Configure container registry,Configure RDS with advanced settings,Add autoscaling configuration,Modify autoscaling thresholds,Change environment name,Add build commands,Toggle privileged mode,Modify autoscaling thresholds,Toggle inject env variables",223678,23,2025-06-28T18:32:28.122Z,"Very High",15.39,0.00,2936.80
"schema-aggregated",18.04495800001314,0,2872267,2415.090389304633,514,"Setup multi-service network configuration,Add environment-level env variables,Add comprehensive autoscaling,Add comprehensive autoscaling,Add comprehensive service with all features,Add lambda function with docker,Configure lambda function URL,Configure datadog integration,Remove a service,Configure RDS with advanced settings,Add docker labels,Change service type from web to worker,Change dockerfile path,Add start command,Change health check interval,Change max instances,Add logging configuration,Add integrations,Change service CPU,Toggle source trigger,Change health check interval",118930,24,2025-06-28T18:32:28.122Z,"Very High",55.42,0.00,2804.95
"json-diff-kit",21.915124999999534,250704993,1595300,1341.3772807533844,514,"Setup multi-service network configuration,Add environment-level env variables,Add comprehensive autoscaling,Add comprehensive autoscaling,Add comprehensive service with all features,Add lambda function with docker,Configure lambda function URL,Configure datadog integration,Remove a service,Configure RDS with advanced settings,Add docker labels,Change service type from web to worker,Change dockerfile path,Add start command,Change health check interval,Change max instances,Add logging configuration,Add integrations,Change service CPU,Toggle source trigger,Change health check interval",118930,24,2025-06-28T18:32:28.122Z,"Very High",45.63,244829.09,1557.91